﻿<?xml version="1.0" encoding="UTF-8"?>
<prefab>
  <property name="CopyAirBlocks" value="True" />
  <property name="EditorGroups" value="UrbanDecay" />
  <property name="DifficultyTier" value="0" />
  <property name="ExcludeDistantPOIMesh" value="False" />
  <property name="ExcludePOICulling" value="False" />
  <property name="DistantPOIYOffset" value="0" />
  <property name="AllowTopSoilDecorations" value="False" />
  <property name="ShowQuestClearCount" value="1" />
  <property name="TraderArea" value="False" />
  <property name="RotationToFaceNorth" value="0" />
  <property name="YOffset" value="-12" />
  <property name="Zoning" value="none" />
  <property name="POIMarkerSize" value="42, 0, 42#25, 0, 25#25, 0, 25#42, 0, 42#25, 0, 25#25, 0, 25#25, 0, 25#25, 0, 25#25, 0, 25#25, 0, 25#25, 0, 25#25, 0, 25#42, 0, 42#16, 18, 35#1, 1, 1" />
  <property name="POIMarkerStart" value="83, 12, 82#83, 12, 125#125, 12, 42#83, 12, 25#83, 12, 0#0, 12, 125#42, 12, 125#13, 12, 91#42, 12, 82#125, 12, 82#0, 12, 42#42, 12, 42#25, 12, 0#67, 3, 31#67, 14, 80" />
  <property name="POIMarkerGroup" value="07,06,14,13,12,01,02,03,04,08,09,10,11,RoadCon1,light1" />
  <property name="POIMarkerTags" value="##############" />
  <property name="POIMarkerType" value="POISpawn,POISpawn,POISpawn,POISpawn,POISpawn,POISpawn,POISpawn,POISpawn,POISpawn,POISpawn,POISpawn,POISpawn,POISpawn,PartSpawn,PartSpawn" />
  <property name="POIMarkerPartToSpawn" value=",,,,,,,,,,,,,part_downtown_road_construction,part_crosswalk" />
  <property name="POIMarkerPartRotations" value="1,1,0,0,1,2,3,2,2,2,0,0,3,2,0" />
  <property name="POIMarkerPartSpawnChance" value="1,1,1,1,1,1,1,1,1,1,1,1,1,0.4,0.2" />
  <property name="SleeperVolumeSize" value="27, 4, 22#7, 5, 12#25, 13, 41#22, 9, 8#10, 3, 6#25, 7, 9#17, 6, 25#12, 6, 9#12, 15, 24#25, 7, 9#12, 3, 15" />
  <property name="SleeperVolumeStart" value="107, 0, 119#114, 4, 120#0, 12, 0#0, 2, 1#17, 6, 10#7, 8, 116#25, 9, 125#38, 9, 107#138, 8, 126#32, 8, 116#71, 12, 107" />
  <property name="SleeperVolumeGroupId" value="1,1,0,2,2,3,3,3,0,3,0" />
  <property name="SleeperVolumeGroup" value="GroupGenericZombie,5,5,GroupGenericZombie,0,0,GroupGenericZombie,6,7,GroupGenericZombie,4,4,GroupGenericZombie,0,0,GroupGenericZombie,4,5,GroupGenericZombie,3,4,GroupGenericZombie,0,0,GroupGenericZombie,4,5,GroupGenericZombie,1,2,ZomBurnt,1,2" />
  <property name="SleeperIsLootVolume" value="False,False,False,False,False,False,False,False,False,False,False" />
  <property name="SleeperIsQuestExclude" value="False,False,False,False,False,False,False,False,False,False,False" />
  <property name="SleeperVolumeFlags" value="2,0,0,0,0,0,0,0,0,0,0" />
  <property name="PrefabSize" value="150, 39, 150" />
  <property name="Tags" value="streettile, rwgonly" />
  <property name="SleeperVolumeTriggeredBy" value=" # # # # # # # # # # " />
  <property class="Stats">
    <property name="TotalVertices" value="1722667" />
    <property name="TotalTriangles" value="853160" />
    <property class="BlockEntities">
      <property name="Vertices" value="1286350" />
      <property name="Triangles" value="521608" />
    </property>
    <property class="ChunkMeshes0">
      <property name="Vertices" value="317553" />
      <property name="Triangles" value="190196" />
    </property>
    <property class="ChunkMeshes1">
      <property name="Vertices" value="46016" />
      <property name="Triangles" value="23008" />
    </property>
    <property class="ChunkMeshes2">
      <property name="Vertices" value="964" />
      <property name="Triangles" value="616" />
    </property>
    <property class="ChunkMeshes3">
      <property name="Vertices" value="528" />
      <property name="Triangles" value="264" />
    </property>
    <property class="ChunkMeshes4">
      <property name="Vertices" value="0" />
      <property name="Triangles" value="0" />
    </property>
    <property class="ChunkMeshes5">
      <property name="Vertices" value="71256" />
      <property name="Triangles" value="117468" />
    </property>
  </property>
  <property class="IndexedBlockOffsets">
    <property class="challenge_gore">
      <property name="0" value="146, 16, 130" />
    </property>
    <property class="challenge_polymers">
      <property name="0" value="143, 10, 139" />
      <property name="1" value="139, 16, 141" />
    </property>
    <property class="POILight">
      <property name="0" value="142, 37, 140" />
      <property name="1" value="143, 31, 140" />
      <property name="2" value="148, 10, 142" />
    </property>
    <property class="challenge_mech_parts">
      <property name="0" value="122, 13, 147" />
    </property>
    <property class="TraderOnOff">
      <property name="0" value="143, 10, 128" />
      <property name="1" value="146, 16, 135" />
      <property name="2" value="139, 24, 138" />
    </property>
    <property class="quest_wood_trees">
      <property name="0" value="130, 13, 81" />
    </property>
    <property class="challenge_pallet">
      <property name="0" value="148, 10, 127" />
      <property name="1" value="139, 10, 136" />
    </property>
    <property class="challenge_cars">
      <property name="0" value="59, 12, 111" />
    </property>
    <property class="challenge_steel">
      <property name="0" value="146, 18, 2" />
    </property>
    <property class="challenge_sinks">
      <property name="0" value="146, 16, 142" />
    </property>
    <property class="quest_stone">
      <property name="0" value="76, 12, 85" />
    </property>
  </property>
</prefab>